name,price,image
Product1,1200,Product1.jpg
Product1,1200,Product1.jpg
Product1,1200,Product1.jpg
Product1,1200,Product1.jpg
Product2,3600,Product2.jpg
Product1,1200,Product1.jpg
Product1,1200,Product1.jpg
Product1,1200,Product1.jpg
Product1,1200,Product1.jpg
Product1,1200,Product1.jpg
Product1,1200,Product1.jpg
Product1,1200,Product1.jpg
Product1,1200,Product1.jpg
Product1,1200,Product1.jpg
Product1,1200,Product1.jpg
Product1,1200,Product1.jpg
Product1,1200,Product1.jpg
Product1,1200,Product1.jpg
Product2,3600,Product2.jpg
Product1,1200,Product1.jpg
Product1,1200,Product1.jpg
Product1,1200,Product1.jpg
Product1,1200,Product1.jpg
Product1,1200,Product1.jpg
Product1,1200,Product1.jpg
Product1,1200,Product1.jpg
Product1,1200,Product1.jpg
Product1,1200,Product1.jpg
Product1,1200,Product1.jpg
Product1,1200,Product1.jpg
Product1,1200,Product1.jpg
Product1,1200,Product1.jpg
Product1,1200,Product1.jpg
Product1,1200,Product1.jpg
Product1,1200,Product1.jpg
Product1,1200,Product1.jpg
Product2,3600,Product2.jpg
Product1,1200,Product1.jpg
Product1,1200,Product1.jpg
Product2,3600,Product2.jpg
Product2,3600,Product2.jpg
Product1,1200,Product1.jpg
Product1,1200,Product1.jpg
Product2,3600,Product2.jpg
Product1,1200,Product1.jpg
Product2,3600,Product2.jpg
Product1,1200,Product1.jpg
Product1,1200,Product1.jpg
Product1,1200,Product1.jpg